Biol.Rep,GroupLevel1,qqAspM1,qqAspM2,qqCitM1,qqCitM2,qqCitM3,qqGluM1,qqGluM2,qqGluM3,qqGlnM2,qqGlnM3,qqPyrM1,4gPyrM1,qqMalM1,qqMalM2,4gAspM1,4gAspP1D0,4gAspP1D1,4gGluM1,4gGlnM1,4gCitM1,4gMalM1,4gPEPM1,4g3PGM1,4gMalP1D1,5gGluP1D0,5gGluP1D1,5gGluP2D1,5gGluP2D2,5gGluP3D2,5gGluP3D3,5gPyrM1,5gPEPM1,5g3PGM1,5gLacM1,5gGluM1,5gGluM2,5gGluM3,5gGlnM1,5gGlnM2,5gGlnM3,4gCitP1D0,4gCitP1D1,qqCitP1D0,qqCitP1D1,qqCitP2D1,qqCitP2D2,4gLacM1,qqLacM1,5gMalM1,5gMalM2,5gAspP1D0,5gAspP1D1,5gAspM1,5gAspM2,5gCitM1,5gCitM2,5gCitP2D1,5gCitP2D2,5gCitP1D1,5gCitP1D0,5gCitP2D1.1,5gCitP2D2.1,5gCitP3D2,5gCitP3D3,qqAspP2D1,5gSucM1,5gSucP1D0,5gSucP1D1,qq3PGM1,qqAspP1D0,qqAspP1D1,5gAspP2D1,5gAspP2D2,a1,a3,a4,qqGluM0,fIDHr,fIDHr_average,qqBicarb,FCitDil,FCitDil_average,fCS,fCS_average,fIDH,fAAO,fAAO_#2,fAADil,fIDH_average,fAAO_average,fAADil_average,5gcoam1,fPDH,fPDH_average,4gGluM0,4gBicarb,a5,a5_average,a6,a6_average,fACLy,fACLy_average,fPC&MEr,fTCA,fPC&MEr_average,fTCA_average,fMDHr,fMDHr_average,AAS/AAO,AAS/AAO_average,Pred_4gCit1,Pred_4gCit6,Pred_4gCitP1D0,Pred_4gCitP1D1,Pred_4gGluM1,qqBicarbM0,Pred_qqCit1,Pred_qqCit6,Pred_qqCitP1D0,Pred_qqCitP1D1,Pred_qqCit12,Pred_qqCit36,Pred_qqCit13,Pred_qqCit26,Pred_qqCit16,Pred_qqMal34,Pred_qqMal12,Pred_qqMal24,Pred_qqMal13,Pred_qqMal14,Pred_qqCitP2D1,Pred_qqCitP2D2,Pred_qqMalM2,Pred_qqMalC1C4_ratio,qqMalC1C4_ratio,5gGluM0,5gMalM0,5gACoAM0,Pred_5gMal4,Pred_5gCit5,Pred_5gCit1,Pred_5gCitP1D0,Dev#1,Dev#2,Dev#3,Dev#5,Dev#6,Dev#7,Dev#8,Dev#9,Dev#10,std_fACLy,std_fIDHr,std_fPC&MEr,std_fTCA,std_fIDH,std_fAAO,std_fAADil,std_fMDHr,std_AAS/AAO,anap,acly,tca,mef,mdhr,idh,idhr,aao,aas,aadil,gln_entry,cs,pdh,pck,objective,f_mdhr,pMal1,pMal4,pMalM1,pGluM1,pGlnM1,pf_acly,pf_idhr,pf_anap,pf_tca,pf_idh,pf_aao,pf_aadil,pf_mdhr,pf_aas,ss_d1,ss_d2,ss_d3,ss_d4
1.0,G2.5Q2,0.4414658089652775,0.0308761948673439,0.2796320024093718,0.1260275966254317,0.0082140206792451,0.0591441365492261,0.5455125742486575,0.0221170522917012,0.8367061720391521,0.0407484017362444,0.1039139919660151,0.1446580244841193,0.4698042411106068,0.0378886735045355,0.0034527208699225,0.0009281336238507,0.0025245872460718,0.0023725702438817,0.0,0.0027184961498322,0.0031032369483681,0.1861655596678275,0.2132427205479287,0.0031032369483681,0.0506276702927481,0.0135790600485807,0.0049347512744135,0.0002900317219903,0.0004629103893633,0.0003588036047382,0.2129765626950449,0.376171871583216,0.3378940470609031,0.101917892622342,0.0642067303413288,0.0052247829964038,0.0008217139941015,0.0083262682980587,0.0,0.0003425987615381,0.0002172918499594,0.0025012042998728,0.08155728932761,0.1980747130817618,0.0620105172162108,0.064017079409221,0.0310259180258884,0.0358798443436252,0.0600184593549828,0.0096736371330001,0.0264235479684094,0.030596401978467,0.0570199499468764,0.0025285666451013,0.1587775805543881,0.0165275878587042,0.0111208355361788,0.0054067523225254,0.0866550959586238,0.0721224845957643,0.0111208355361788,0.0054067523225254,0.0009931046459267,0.0009933259094943,0.0215368620469154,0.0490020240863948,0.0231291384776411,0.0258728856087537,0.0625755736433058,0.2219847053667505,0.219481103598527,0.0016342694790874,0.0008942971660139,66.41236923435474,0.0573187382430993,-0.0042782283414969,0.3732262369104152,0.2688148818434265,0.2466704035859794,0.0732338851730555,1.307417688976111,1.2496225001965229,0.7311851181565734,0.7533295964140205,0.2739647319310692,0.5953676462827867,0.5427710376190973,0.1306676217861441,0.2810145941069426,0.5899367821670831,0.1290486237259743,0.2665443213350957,0.7888399445138877,0.9403205109247548,0.9976274297561184,0.0019311243040805,0.0144774124163056,0.0227459984762546,0.0158483322509355,0.0106232250693117,0.1562688339355192,0.118775363770724,0.0125950209880414,0.8311361450764393,0.0214842210542289,0.8597404151750472,0.2688122378892252,0.3416266260714737,0.2972970201914534,0.2433729259173933,0.0008581246100602,0.0020154703067186,0.0003433535367382,0.0019562168665851,0.0002411455389892,0.9267661148269444,0.2096652855919433,0.2018648677035002,0.0838914494413193,0.2454321288639079,0.1350504650276754,0.007196010280793,0.0028210679586596,0.0026367292415003,0.0058689785139788,0.0137299027376371,0.0095037820188012,0.0035042273262976,0.00348233242811,0.0070353979645322,0.0575135736903378,0.0653821416144485,0.0372556424753783,0.6514322775269917,0.6975231934973217,0.9305684866622672,0.9303079035120172,0.6621059529390969,0.0278130836879714,0.2492941184195335,0.0172222736435015,0.1066387617144862,1.580149171735491,0.7821099886501278,0.1016389460380027,1.0286198834335112,1.2390886501630214,0.92748095439692,1.021323406469414,0.9339220309804552,1.4785785918521874,0.062078689967868236,0.018277273485831545,0.010361233663201639,0.06802381261869714,0.013141975738174362,0.007818039391607674,0.01663701234851474,0.13043747793980445,0.03793188759181851,0.033532115924715944,0.2999147194791629,2.329473513018778,1.664692675616179,1.3486483242637708,1.0261313159531937,0.327935400404581,2.147621564286528,0.5176136856393061,0.46860854920948003,5.071987520749106,1,0.9403205109247548,0,0.31037930817748755,0.36404469808922213,0.0019818174301414635,0.001174882043255446,0.003105070411365072,0.0003018048052479213,0.0002173598423416461,0.11192839257637627,0.2469513202354593,0.012563015057997045,0.8748042215990267,0.28144721570408765,0.5894773490956621,0.1288371653542178,0.36404469808922213,0.23947202690598574,4.923738105344633e-06,7.514401324959508e-06,7.787867446484853e-06,3.5193301339830896e-06
1.0,G5Q2,0.3834118350574731,0.0297596102554762,0.2795830239050816,0.0968684652059757,0.0063951340017527,0.0639538318176452,0.4801480244030954,0.0203576504067307,0.8463216790882859,0.0375060077570158,0.081608455631913,0.3064436792378434,0.4101628152388084,0.0254636735518667,0.0148381757065799,0.0051007314069745,0.0097374442996054,0.0029863213156527,0.0103814004283787,0.0137756080732373,0.0185712052669252,0.204596096284379,0.3064671846074157,0.0185712052669252,0.1190156507626541,0.040308893325836,0.0251925097383454,0.0027910088655542,0.0018649017878389,0.000597980925877,0.3250162399044378,0.4516133725976163,0.3264036492122621,0.252165873419374,0.1593245440884901,0.0279835186038996,0.0024628827137159,0.0245265008246233,0.0022920510047273,0.0005735868941869,0.0017768390448327,0.0119987690284046,0.0763942111627699,0.2031888127423117,0.0471680304499196,0.0497004347560561,0.0666708611015765,0.0423063636828362,0.1595177433533111,0.0085093108056263,0.0614283730712028,0.0900980847105313,0.1515264577817341,0.0119068098200715,0.2998131003585584,0.0717388871906567,0.0479002916558917,0.023838595534765,0.1690989588174519,0.1307141415411065,0.0479002916558917,0.023838595534765,0.0052934634799119,0.002518717989677,0.020489375326554,0.1188260831965828,0.0468268661687941,0.0719992170277887,0.0467924733474579,0.1894670911823419,0.1939447438751312,0.0081920358099788,0.0037147740100927,75.0802132170338,0.0591336303748253,-0.0033116588617627,0.4355404933725286,0.2183799040795987,0.1998537312182037,0.0742982989175664,1.2181956342492626,1.218538483991896,0.7816200959204012,0.8001462687817963,0.3380024424238386,0.518327313954425,0.5427837198407938,0.1436702436217364,0.3437556381131841,0.5045009351778347,0.1517434267089813,0.3846102306184278,1.1783269934225329,1.0,0.9970136786843472,0.0066928420833775,0.0600897568224021,0.0611023874556688,0.0543138244355411,0.056797072285211,0.0817582562230599,0.1911136295324138,0.0497096447007396,0.8685320990762004,0.0502476928244273,0.7586386776431588,0.343757312747861,0.338920429794721,0.2367490816445894,0.2106973030746614,0.0065317019656691,0.0111610207279874,0.002680137743484,0.0118394879606592,0.0074827356017463,0.9257017010824335,0.1885231085654476,0.1808679838357735,0.0773562390692215,0.225786498935332,0.1011107907074563,0.0086699442142789,0.0026287559798058,0.0024461362786674,0.005107539698517,0.0153484871977734,0.0107801411673498,0.003076407927203,0.0030415068132943,0.0061241541112591,0.0446629662565926,0.0537854360341005,0.0383706972168797,0.6397863738956536,0.6884960908647537,0.8126919373076104,0.8319729458410626,0.6735963507877378,0.0646680163559185,0.2410726469379282,0.0429103660850554,0.1165260747829086,1.5083739583944384,0.9867252159477102,2.5056699567209533,1.0125929424731128,1.1112152085935911,0.9468906339859426,1.082192465681534,0.9292520064886344,0.8914572930600931,0.09438859291351133,0.022237514474832642,0.0072294755069321455,0.09054716263371808,0.014978576623344122,0.01150501007097333,0.009345339504308076,0.03994593263042517,0.01789303124748286,0.10080263179687231,0.368834482335854,1.655913781554506,1.124758059965859,0.9019412923697148,0.8830731724026084,0.25113119626993374,1.297625552940659,0.2739026400488817,0.3918683047155777,4.782063606828275,1,1.0,0,0.39981906299504877,0.34019801185577264,0.011718722691759498,0.0068756677149195145,0.01857238845280948,0.007969263134298726,0.0002304562649885898,0.17315363625957364,0.20072331015312925,0.047386858442002903,0.779322812048044,0.3432807500799807,0.5043355320377321,0.1525132404564128,0.34019801185577264,0.21128591991506215,9.25886053260161e-06,8.211555864612308e-06,2.5522434348168588e-05,9.427164543773792e-06
1.0,G7Q2,0.3097184358503928,0.0236636172179139,0.244712999023885,0.080053390678327,0.0057609856137998,0.0614681572687021,0.4274939602069926,0.0174372874585359,0.8001665401988283,0.0353543092440634,0.054020426565696,0.335937991628004,0.3335387029053528,0.0242279960196332,0.0440390613099503,0.0170197866963128,0.0270192746136375,0.008906425774843,0.0,0.0429614967343439,0.0524424249163148,0.3624844330032249,0.3013892356001413,0.0524424249163148,0.1324678283319264,0.0638714448557498,0.045022732994879,0.0071465492418969,0.003462917988509,0.0007733372107713,0.3832689314508294,0.3384683610370108,0.3683604029514239,0.3480969838020156,0.1963392731876762,0.0521692822367759,0.0042362551992803,0.0388138021252291,0.0078967323234621,0.0011262739907117,0.0074526465007462,0.0355088502335977,0.0665819292056568,0.1781310698182282,0.0388661295100521,0.041187261168275,0.0502106547363121,0.0237399296241329,0.2374558254547285,0.0227736561536946,0.0609900583905328,0.1547013852941946,0.2156914436847274,0.0246128768269259,0.3382104886740176,0.1131380954213711,0.068138525939956,0.0449995694814151,0.2092767193383135,0.1289337693357041,0.068138525939956,0.0449995694814151,0.0095782806214108,0.0038135063721431,0.0160477447629876,0.1490052038453477,0.0600422209347998,0.0889629829105479,0.0228310085885166,0.1540450885544552,0.1556733472959376,0.0156717520355178,0.0089411247914081,74.20500394636831,0.0639456319276193,-0.0038418181879973,0.4936005950657693,0.1888385490628024,0.1790032619137457,0.0842900912928504,1.1811372645842937,1.1746319254393285,0.8111614509371976,0.8209967380862543,0.3841126750076319,0.4869160451659264,0.4932153344634762,0.1289712798264415,0.3856956769730129,0.4856320743907378,0.1286722486362492,0.4134539961965379,1.1224170483141225,1.0,0.991093574225157,0.0330723566211337,0.1667346322839161,0.1655015745304936,0.1604442859277252,0.1484072100802371,0.148405291191477,0.125758240256114,0.1465574412264966,0.7050372675820263,0.1468381449494836,0.7274036147944024,0.3864702423270612,0.3790670350934647,0.3000262164132488,0.2794167754040492,0.0175311158493592,0.032654365646243,0.007462386927208,0.0352620447936753,0.0067616755956109,0.9157099087071496,0.1607118941596487,0.1549459916968239,0.0684094696726126,0.2003197203146357,0.0767272244907937,0.0053185759040445,0.002082200337971,0.001948046426284,0.0044322079185142,0.0081054232956138,0.0064404941589614,0.0023758448386219,0.0023589738787647,0.0047853686447976,0.0354330709665266,0.0416193682848213,0.0240661048167595,0.6343625981551331,0.6781611034021893,0.751491444575548,0.7397705183915768,0.6316395970485761,0.0671442705943625,0.2474355629796995,0.0462524732297086,0.125012793305258,1.0013069755100872,0.9930494668709696,0.7591906974299264,1.027447995105564,1.124563617784644,0.9116696571847333,1.0104912806603212,0.9354157809592316,0.9695892235940377,0.060752578226994015,0.013138655941766095,0.017522328841975764,0.07724098761619333,0.01366935026858944,0.005391555782887074,0.012898849215103958,0.007225858072915133,0.016673607387744142,0.2932158326553181,0.2547077529406949,1.6079608148031215,1.1558957387791557,1.162907491758307,0.9636540494557093,0.21838146799826114,1.1964036608877255,0.3347306142807023,0.3147476375459281,8.19301900825922,1,1.0,0,0.20078075846206778,0.3791224807518159,0.030894835764900798,0.021566911122088243,0.05244370980462159,0.008022513470188824,0.0003519132026552301,0.11812737970351536,0.1792389931938724,0.13597817639493548,0.7458794714473209,0.38958219026461616,0.4830907650845935,0.12710878004614654,0.3791224807518159,0.27849405793076815,9.03975481625352e-06,1.372227066132048e-05,2.0734184288606627e-05,1.789246439820591e-05
1.0,G9Q2,0.2590686825614097,0.0201320014921014,0.2104855455102685,0.0799527417575746,0.0055387577692192,0.0536810822796655,0.4169638372018612,0.0177415579526161,0.8126595374268509,0.0368793696835186,0.0401681209828462,0.3721340814908524,0.2870086533967202,0.0243903181607754,0.0710400207510891,0.0287343836909083,0.0423056370601808,0.0179037492655472,0.0015070776975789,0.0661365941133635,0.0830634099935794,0.3368161919547563,0.3896028218856645,0.0830634099935794,0.1329256511295505,0.071720508553086,0.047724240313617,0.0092091637020208,0.0040855986374088,0.0008728035005709,0.4237596358495595,0.4300404793596838,0.4211881659669347,0.2464901643703979,0.2046461596826365,0.0569334040156378,0.0049584021379797,0.0427986550471046,0.0093037717580256,0.0012400897868971,0.0131733931206574,0.0529632009927061,0.0582869815882491,0.1521985639220194,0.0383724734712853,0.0415802682862894,0.272031875313024,0.0303941041303499,0.2647458965081662,0.027718048627913,0.0574027327126999,0.1780798251830073,0.2354825578957072,0.0306207699029898,0.353795865846755,0.1305439905720835,0.0750612031344627,0.0554827874376208,0.2285114364150609,0.1252844294316941,0.0750612031344627,0.0554827874376208,0.0102139470865047,0.0053096557125322,0.0134467207131594,0.1462130349694698,0.0605141346612084,0.0856989003082615,0.0156058878352932,0.1339074867700846,0.1251611957913251,0.0190588640476969,0.0115619058552929,75.28111077885983,0.0615105543687859,-0.003821607720676,0.5116135225658571,0.1934201986506454,0.1808999779461831,0.0812686134925828,1.1833431303405733,1.1804220867239748,0.8065798013493546,0.8191000220538169,0.3787214352977597,0.4677085148320808,0.4810699885834764,0.1535700498701595,0.3809688639420744,0.4774804086047387,0.1415507274531868,0.3995507610541834,0.9486276997762328,0.9901362385304664,0.9820962507344528,0.03894607309339,0.2085962197367238,0.2413763006714852,0.1960540555132437,0.2173985867309429,0.1654526115581022,0.1630896977407682,0.176621823082217,0.6579255653596807,0.2059208308722654,0.6309894713869663,0.4044816342549812,0.4039799781673561,0.2711973850902293,0.2753228108548794,0.0296599405624891,0.0475969016046699,0.012563277532702,0.0528852116442244,0.0120191139355199,0.9187313865074171,0.1443443735085218,0.1394387561221472,0.0611409999575324,0.17926718354084,0.0769541465915593,0.006599817718279,0.0019029688166991,0.0017753788108318,0.0038867506188992,0.0093460960520759,0.0080122734902927,0.0021761439881426,0.002155335372651,0.0043654677416641,0.0350484233384673,0.0421435095989714,0.0260553166448264,0.6097683631504582,0.6679276632497316,0.7384204363017256,0.7075360548639208,0.5788118340330652,0.0645361510841623,0.2681428156069746,0.0435711365159499,0.1320349541188374,0.9536857677921532,0.9985274804577546,0.6713182673222965,1.0489649367923135,1.177850690054405,0.9133740978332966,1.013545879714004,0.912925750348016,1.0538815934092092,0.028283987898331607,0.013245438538132145,0.0223117504849545,0.025066079266773362,0.0072615708964701995,0.0073876051050988855,0.011646648056281544,0.00561005698921577,0.009593513961542592,0.33486344877280644,0.35481694741163694,1.425379614273348,1.1155300718238075,1.1948909238322383,0.8684426053507629,0.22362734861688213,1.0772755329815125,0.29797764962889073,0.3182304461094701,8.248684479100762,1,0.9901362385304664,0,0.26890700993656835,0.4041823187447219,0.04721237629991996,0.03592860208655367,0.08306675836506842,0.014149727596728015,0.0006413362809678802,0.16770262327934132,0.18275771887793826,0.15815665195848075,0.6741349760413258,0.3837028703301759,0.4762542372401204,0.14037337499946473,0.4041823187447219,0.27572216431138796,1.694590634293558e-05,8.191722177253169e-06,1.896468082906999e-05,1.2196364939542903e-05
2.0,G2.5Q2,0.4591200250093441,0.0328602691454388,0.2977007991736788,0.1251522947808126,0.0086371667453965,0.0597571334336568,0.5706377556308695,0.0238982026515016,0.8784431077282971,0.0406945267899041,0.1174243316467058,0.1636271496146061,0.4586529261673672,0.0261277771507638,0.002810278836991,0.0007231593225097,0.0020871195144813,0.0003048930740676,0.0073140864976751,0.001431845349024,0.003132488177632,0.3445903277694179,0.2268423272812829,0.003132488177632,0.0504856070172785,0.0111933512809355,0.004635192189579,0.0006033174244721,0.0004108378426239,0.0003522397351181,0.1683244085685748,0.4143804957279396,0.2785960042595887,0.1078002224832692,0.061678958298214,0.0052385096140511,0.000763077577742,0.0037470592665768,0.0,0.0003547114473523,0.0003641550604924,0.0010676902885316,0.0818766469525767,0.2158241522211021,0.0631943301012314,0.0619579646795812,0.0513262686132713,0.0471605384613602,0.0617246080268694,0.0019135124328471,0.0258612062652903,0.0319348798223462,0.0577960860876365,0.0024536448809754,0.156803706916464,0.0180179614534398,0.0131514823964965,0.0048664790569433,0.0842927397589729,0.0725109671574911,0.0131514823964965,0.0048664790569433,0.0009713407554451,0.0011169273030767,0.0224991947671109,0.0593361452957865,0.0236471254923267,0.0356890198034598,0.0544717182139503,0.2266866241228446,0.2324334008864995,0.0017690547019676,0.0006845901790078,66.06770164938777,0.0620212842007333,-0.0029760304792286,0.345706908283972,0.2504465662215009,0.2466704035859794,0.0739041801179271,1.2228502703243842,1.2496225001965229,0.749553433778499,0.7533295964140205,0.3006892255215683,0.5930822815235637,0.5872583990196564,0.106228492954868,0.2810145941069426,0.5899367821670831,0.1290486237259743,0.2928375689281494,1.0511190557323673,0.9403205109247548,0.9996951069259324,0.0,0.0138090991005736,0.0227459984762546,0.0078877085523966,0.0106232250693117,0.0273196580707966,0.118775363770724,0.0128722336479453,0.959808108281258,0.0214842210542289,0.8597404151750472,0.257326537491915,0.3416266260714737,0.209266382422114,0.2433729259173933,0.0020098321333278,0.0015536268902681,0.0008041757142704,0.0020474526959379,0.0048796408141003,0.9260958198820728,0.2192759663290657,0.2103216844444768,0.0877368830565155,0.2560450596549686,0.1412578121105388,0.0076183036665144,0.0030480893927528,0.0028492189029993,0.0063150438845491,0.0144705293563811,0.0100610356749905,0.0037864130380197,0.003762792123256,0.0075988218577952,0.0602665786524143,0.0686431264241354,0.0396795920504428,0.6516136612323782,0.6846929545077668,0.9330825320877348,0.9363618795402836,0.7214039957404113,0.0276190470303927,0.2089718944501348,0.0177707771560548,0.0907244674173724,2.208333211635242,1.9176466414748303,16.004433124704132,1.07157396305363,1.1863596220346182,0.9536706624767268,1.107898343322395,0.9516874051973128,1.2511826965474375,0.062078689967868236,0.018277273485831545,0.010361233663201639,0.06802381261869714,0.013141975738174362,0.007818039391607674,0.01663701234851474,0.13043747793980445,0.03793188759181851,0.030909378335942497,0.30166202609228887,2.319225088671855,1.6529397408631183,1.324165438895256,1.025693770488512,0.33000591192675505,2.14017060113176,0.523662660214633,0.47515314878113435,5.41976757069701,1,0.9403205109247548,0,0.40914675316549076,0.3588219379261396,0.001980391272351171,0.0012215233559862589,0.0031339280558299837,0.0050053891572434,2.6927539518194604e-05,0.1123213377482665,0.24812363866186066,0.01162149545619379,0.8753102444772662,0.2819968226140329,0.587625975071413,0.13045042496602838,0.3588219379261396,0.24435562259195143,5.648022842752454e-06,1.0368781895309098e-05,7.142056625664139e-06,6.499981457297466e-06
2.0,G5Q2,0.3817367832450292,0.0292126412847704,0.2785559189469924,0.0976820766079356,0.00691807071337,0.0656326824519833,0.4674927978489321,0.0195156653794755,0.8606116595019492,0.0382021715222045,0.0581607261350475,0.2762267184165731,0.3991419370776665,0.0298793800719776,0.0142562321331333,0.0052833711465478,0.0089728609865855,0.0021795619636576,0.0004913910059022,0.0137400909927687,0.0228350674647322,0.2084054391972614,0.3339767396495176,0.0228350674647322,0.1169792146278376,0.0369720630831784,0.0252723884511235,0.0027261655409672,0.0018934539526655,0.0006053617906417,0.3159790821793261,0.4389446095846557,0.3637370867637093,0.2208520585768804,0.153951277711016,0.0279985539920907,0.0024988157433072,0.0211447324064673,0.0019892961089096,0.0006083562838845,0.0019602938315079,0.0117797971612608,0.074529864587016,0.2040260543599764,0.0482437950482511,0.0494382815596845,0.0525279808364925,0.0202388488604463,0.171602385323128,0.0131642336260861,0.0611036654050708,0.0955729893262345,0.1566766547313053,0.0120428645018975,0.3083402815116411,0.0756302479952035,0.0496583692520541,0.0259718787431494,0.1816677468126589,0.1266725346989823,0.0496583692520541,0.0259718787431494,0.0049015349256226,0.0027429051066208,0.020166298407028,0.1334862002504206,0.0495354899807668,0.0839507102696539,0.0071884517705508,0.1899192147959374,0.1918175684490918,0.0081666823224144,0.0038761821794831,67.57560268145949,0.0624913371173041,-0.0042667851054916,0.4473588543196088,0.2156540427008915,0.1998537312182037,0.0822766611114832,1.19901382538085,1.218538483991896,0.7843459572991085,0.8001462687817963,0.36430849462628,0.4907254871258829,0.5108522526823476,0.1449660182478371,0.3437556381131841,0.5045009351778347,0.1517434267089813,0.406018333010715,1.11624122968377,1.0,0.9978204380363423,0.0,0.0683732270956828,0.0611023874556688,0.0501317237416275,0.056797072285211,0.1457734619652364,0.1911136295324138,0.0587923714167041,0.7954341666180594,0.0502476928244273,0.7586386776431588,0.3706008079279638,0.338920429794721,0.2016440349348781,0.2106973030746614,0.0067025658510698,0.0120788453119317,0.0027502479154833,0.0126628156928766,0.0025519520231457,0.9177233388885168,0.1837627513972888,0.1775111879734163,0.0754029330264923,0.2210784207565925,0.0975821965960266,0.0083570129758519,0.0025182698237058,0.0023464925186803,0.0050158788734227,0.0147962195725739,0.0103853201374399,0.002948832115619,0.0029160031313842,0.005893715675732,0.0431321401310187,0.0519160280714864,0.0369400906327492,0.6399217478629582,0.6903278005724671,0.8180501682968933,0.8152333810507859,0.6362629132362907,0.0669246784307384,0.2606465977349314,0.0414605858226526,0.1239629226021199,1.4029773859808468,1.074960419057106,1.1708554588938016,1.0117143435630018,1.0835793568135643,0.8940453396728032,1.0501179740402329,0.9269824383898364,0.9786093165081028,0.09438859291351133,0.022237514474832642,0.0072294755069321455,0.09054716263371808,0.014978576623344122,0.01150501007097333,0.009345339504308076,0.03994593263042517,0.01789303124748286,0.11271585155208266,0.43374948843616123,1.536853290417149,1.083428195892471,0.8706631244679065,0.8196839574726049,0.2523108840252153,1.2287598846748269,0.2601339237042843,0.3679395744729159,5.620992545262226,1,1.0,0,0.26246148842139827,0.34400742393955275,0.014483407591426727,0.00833451999989963,0.022834701985947566,0.0030206690478192582,0.0001076331641969696,0.20880947128592467,0.2014762322541649,0.05406284716961246,0.7371571559479999,0.33920046595852116,0.5086660353731942,0.15198252736951745,0.34400742393955275,0.21019354335411072,1.2759596092926095e-05,1.8370636693187947e-05,1.478755675554666e-05,1.5859472780155315e-05
2.0,G7Q2,0.3133699773652706,0.0247643773310183,0.2436743379943489,0.0776504763024509,0.0054645148502798,0.0614693636790768,0.431299540375745,0.0182594234021042,0.8226456601519481,0.0382854251499281,0.0483633334752477,0.3418580306532406,0.332211473275414,0.0174754757774622,0.0420009848901415,0.0161297231634811,0.0258712617266604,0.0099187519845421,0.0,0.0450314745750616,0.0586189725646411,0.4398308916129332,0.4139722785487999,0.0586189725646411,0.132636134782565,0.0621211759213851,0.0415464634868004,0.0063816445270855,0.0034993037716662,0.0007636930863385,0.3982896738860944,0.3799057186387531,0.3952703823386446,0.3552380439284751,0.1947573107039501,0.0479281080138858,0.0042629968580047,0.0369803693673226,0.0065481286515826,0.0009238764133067,0.0072504652198828,0.0377810093551788,0.0647407435096545,0.1789335944846944,0.0379013185679095,0.0397491577345414,0.1738839623346473,0.0103667054874985,0.249779059725395,0.0238313914507886,0.06120200769783,0.1451424402497704,0.2063444479476004,0.0239045537514307,0.3435588141358764,0.1150807844663673,0.0695561960376448,0.0455245884287225,0.2130187939092092,0.1305400202266672,0.0695561960376448,0.0455245884287225,0.0096484995492514,0.0044483551521434,0.0162159790492008,0.173912174158728,0.072449554783208,0.10146261937552,0.0431397499303897,0.1561151940847072,0.1572547832805634,0.0156143460765557,0.008290207674875,78.9273251501295,0.0636792053819757,-0.0026891244525883,0.4889716725430739,0.1918239349181171,0.1790032619137457,0.0776979171435517,1.1763581266789558,1.1746319254393285,0.8081760650818829,0.8209967380862543,0.3978848877218378,0.4780454729857644,0.4769288399070707,0.1240696392923977,0.3856956769730129,0.4856320743907378,0.1286722486362492,0.400765983714682,1.0139033978299166,1.0,0.990081248015458,0.0170640894060788,0.140604012620386,0.1655015745304936,0.1268754166847239,0.1484072100802371,0.0360383877144096,0.125758240256114,0.1246483834863539,0.8393132287992363,0.1468381449494836,0.7274036147944024,0.3840320222411517,0.3790670350934647,0.259660733297883,0.2794167754040492,0.0195958901717649,0.0329375383852546,0.008341289619059,0.0363820210787761,0.0075580501256876,0.9223020828564484,0.1615713846168991,0.1551559171274014,0.068775324898678,0.2008642914652653,0.0780249871047231,0.005464640178833,0.0021815634312943,0.0020388516853012,0.0045258175725573,0.0083064330281494,0.0066203991075868,0.0024880113425853,0.0024700641645453,0.0049964823825623,0.0360676252166753,0.0424555767967653,0.0248813900254293,0.6346480939030522,0.6548106916821077,0.757314581282164,0.7263895488238163,0.6047296176613555,0.0740847650039625,0.2594671097329461,0.0479015745622521,0.1308361698837012,1.1504488837743754,0.962971124904294,0.7619960794933222,1.0623190462497838,1.1225633288356416,0.9516192728770462,1.0680874568537604,0.9692085086038212,1.0022686503075444,0.060752578226994015,0.013138655941766095,0.017522328841975764,0.07724098761619333,0.01366935026858944,0.005391555782887074,0.012898849215103958,0.007225858072915133,0.016673607387744142,0.2524158175578904,0.2504596686184968,1.616819139651105,1.1199692931006118,1.141037624393616,0.967690373970291,0.2177979094848396,1.2000277777217931,0.3329486893851764,0.31557443688496334,8.64265010430029,1,1.0,0,0.23496728616495002,0.3790588357025958,0.035249662426272504,0.023369209246311612,0.05861908143898519,0.008975380194959297,0.00036778989896648706,0.11812199638396209,0.17884569171002584,0.1190851012601035,0.7627897722057327,0.389929467928566,0.48302328042470327,0.12702666603340346,0.3790588357025958,0.2772127513198887,3.033204483360308e-06,3.9269692706511705e-06,5.009440833259049e-06,4.2306026724059365e-06
2.0,G9Q2,0.2676102079371213,0.0211918255970292,0.2167618553803183,0.0774934991763401,0.0051652347858157,0.0528350516006557,0.4201300450623066,0.0181051683679841,0.8058697266065199,0.0354882485906869,0.0306722800420699,0.3812218951103185,0.2924635360564088,0.0221156796951784,0.0706787603325271,0.0288858648686583,0.0417928954638688,0.0152871851732882,0.0035025054972303,0.0699746798041617,0.0942600685216491,0.3477743670109688,0.3502965555032546,0.0942600685216491,0.1311554605320158,0.0706263318716081,0.0478943961076204,0.0090282846303117,0.0042969087018409,0.001006498570694,0.4158878481496187,0.4015239953452981,0.3961107475028287,0.3685606672706659,0.2017817924036239,0.056922680737932,0.0053034072725349,0.0362963994215045,0.008787700011167,0.0010591623029869,0.0140924034474609,0.0558822763567008,0.0568801911038733,0.159881664276445,0.0372516455089485,0.0402418536673916,0.315413406068128,0.0311774411353364,0.2660640349407464,0.0296141707538411,0.0568337324012371,0.1731497190464289,0.229983451447666,0.0307352426567576,0.3504522105299505,0.1334382859599249,0.0766863426110681,0.0567519433488568,0.2219916105331717,0.1284605999967789,0.0766863426110681,0.0567519433488568,0.0118983723435737,0.0049306227086935,0.0142872563295076,0.1834233090387845,0.0738041553319113,0.1096191537068732,0.0200039472884782,0.1324521003655943,0.135158107571527,0.018796334900382,0.0119389077563756,81.33803447154612,0.0596681687041492,-0.0033154635155985,0.5089297349690535,0.1862674815204004,0.1808999779461831,0.0774676444287161,1.1736836822287595,1.1804220867239748,0.8137325184795996,0.8191000220538169,0.3855777670951827,0.476598553260238,0.5101736232972454,0.1378236796445792,0.3809688639420744,0.4774804086047387,0.1415507274531868,0.4041014337678907,1.0201728590184362,0.9901362385304664,0.9847128148267116,0.0149728900965894,0.2656863132652452,0.2413763006714852,0.2328196747172339,0.2173985867309429,0.1323450994699156,0.1630896977407682,0.2277158228875075,0.6399390776425768,0.2059208308722654,0.6309894713869663,0.4086922964233814,0.4039799781673561,0.2853671833208193,0.2753228108548794,0.0338242663512952,0.0487263621685185,0.0143271914053928,0.055605953228419,0.0145583700814849,0.922532355571284,0.1449346752463798,0.1396347695431192,0.0613910383736621,0.17968327562809,0.0778737888502806,0.006691822013903,0.00194260349488,0.0018112137504863,0.003913860623463,0.009473728682422,0.0081261081053099,0.0022208470531245,0.0021994187394251,0.0044463672187088,0.0354662344555921,0.042669620312246,0.0264664697989904,0.6098638419420445,0.6741871418340888,0.741295526858444,0.7043217943054125,0.6038892524971713,0.0657500010032536,0.2522462701697401,0.0452992571517799,0.1260335310004653,1.0166606043324875,0.9950552635594516,0.9523250955920362,1.079304362067829,1.1238516714299824,0.952071619146933,1.060329393991652,0.9045913279849028,0.9811065105069224,0.028283987898331607,0.013245438538132145,0.0223117504849545,0.025066079266773362,0.0072615708964701995,0.0073876051050988855,0.011646648056281544,0.00561005698921577,0.009593513961542592,0.48097035439382774,0.37810477736118,1.3956394448211484,1.2547548818270133,1.2758029072858945,0.8439270998343474,0.22200569112949964,1.0699080441072981,0.2956898697205259,0.3173275284340914,8.19167435028562,1,0.9901362385304664,0,0.13128551300796995,0.40458308144140065,0.0542316444365705,0.040023061823805564,0.09425979224697123,0.01678161195166292,0.0005311015197031447,0.16770165154011246,0.18167320523389252,0.2133171258813736,0.6189845317026038,0.37820415295220217,0.4797742109953327,0.14212907870755664,0.40458308144140065,0.27656374111799287,3.892498170565695e-06,3.2139428818300786e-06,2.6139151592108334e-06,2.4149312262133904e-06
3.0,G2.5Q2,0.4447800827162103,0.0313190563340151,0.3016461082601819,0.1179888353903558,0.0085959216314289,0.0611968993599032,0.5433336495081742,0.0225461003698511,0.8647122366983899,0.0387881811504016,0.1412680608123769,0.1595127047303337,0.4795995136951297,0.0372186936142589,0.0040467295024201,0.0012363984100174,0.0028103310924027,0.0,0.0085613077232423,0.0013487872606333,0.0077326165990498,0.2710488897598012,0.2279805402136268,0.0077326165990498,0.054239340946738,0.0157082788823631,0.0052159246180291,0.0003230271094396,0.0004267693235783,0.0003642817463058,0.1738974049955569,0.3497627672760608,0.3051140035570902,0.1067392299724919,0.0699476198291011,0.0055389517274687,0.0007910510698841,0.0074052472393123,0.0,0.0003618480986188,0.0005411304732707,0.0008076567873626,0.0854181424065379,0.216227965853644,0.0572783698090654,0.0607104655812904,0.0836188645295045,0.0434541951350977,0.0591317146564081,0.0022388116593806,0.0263183712926993,0.0316292664328838,0.0579476377255831,0.0023609454599432,0.1631073479627386,0.0201253842586277,0.0140012928760455,0.0061240913825822,0.0851082811229063,0.0779990668398323,0.0140012928760455,0.0061240913825822,0.0011346717524624,0.0010029282362153,0.0220676858993133,0.0462035409645269,0.0229920742124814,0.0232114667520455,0.0704941653470516,0.2238314013050748,0.2209486814111355,0.0018774986363075,0.0004834468236357,63.2083065440709,0.0637423476454011,-0.0046874862709353,0.3729233507620714,0.2426989385875502,0.2466704035859794,0.0830563434058085,1.274133220403684,1.2496225001965229,0.7573010614124498,0.7533295964140205,0.2756106426833022,0.5783274064253037,0.5812621190570485,0.146061950891394,0.2810145941069426,0.5899367821670831,0.1290486237259743,0.2492770928141343,0.8169965649167323,0.9403205109247548,1.0,0.0,0.0339178799725802,0.0227459984762546,0.0073930648084544,0.0106232250693117,0.1587068367908586,0.118775363770724,0.0330397660105755,0.8082533971985657,0.0214842210542289,0.8597404151750472,0.3055302829798695,0.3416266260714737,0.228511758331943,0.2433729259173933,0.0034768991349785,0.0038351624648426,0.0013911797900692,0.0044602366166224,0.0060276897285585,0.9169436565941914,0.2087872048582351,0.2021359073993797,0.0835401110436952,0.2452976877259257,0.1331715285294294,0.007189133583792,0.0028734819264234,0.0026899018165716,0.0061046583699752,0.0136444509811924,0.0094882022845897,0.0035719311431918,0.0035501263488631,0.0071863475827744,0.0568770443887945,0.0647826602038187,0.0374410583406118,0.6517638867245787,0.7046089021317655,0.9245134284434302,0.9386294736842112,0.6948859964429098,0.0268561494926001,0.2291245473269276,0.0179333759445648,0.0988530229059731,2.5708768195232463,5.522440579230911,inf,0.9780136712186458,1.1344401579024144,0.9929934210486672,1.0670756612313526,0.9250009256946564,1.2673616097095557,0.062078689967868236,0.018277273485831545,0.010361233663201639,0.06802381261869714,0.013141975738174362,0.007818039391607674,0.01663701234851474,0.13043747793980445,0.03793188759181851,0.07579627177689852,0.33099036451862973,2.2416627633113317,1.6504820830305742,1.337497351487745,0.9967844338036504,0.3278716090009946,2.0812060776625487,0.5139660892232234,0.4630983906999076,5.131490237334898,1,0.9403205109247548,0,0.43241602055745565,0.3662619729372058,0.004704386860238221,0.002953707272173256,0.007722720730551766,0.006255461988466043,0.0,0.1259656811299564,0.24691514358655817,0.028847314297396263,0.8457574523274839,0.28243209229232896,0.5874245465143096,0.13083213348487954,0.3662619729372058,0.24527371104093193,6.851736369606343e-06,1.0157073337513367e-05,9.402415777515216e-06,7.383574862185327e-06
3.0,G5Q2,0.3689646613645195,0.0282055208394539,0.2841801075985417,0.0947127019834601,0.0066671203738964,0.066287616841955,0.4744362736507659,0.0203801215345059,0.8642967174388879,0.0411201315273423,0.0555606334689161,0.3032101506566021,0.4083913415562408,0.0379411819249971,0.0128903024153202,0.0046403652889939,0.0082499371263264,0.0014181592735293,0.0050578652469668,0.0156407141394085,0.0219259757871706,0.3725532276233882,0.354496030321141,0.0219259757871706,0.1197629483648627,0.042207646522005,0.0263605586770821,0.0026847648832615,0.0017870769058458,0.0004803263220963,0.3543176903236898,0.265474781729352,0.3235746839063547,0.276907771531218,0.1619705948868677,0.0290453235603436,0.0022674032279421,0.0252783637458194,0.002210581565691,0.0006379196834274,0.0019231285355714,0.0137175856038371,0.0765771998425735,0.2076029077559682,0.0452112001068464,0.0495015018766137,0.2325941884530602,0.0295114092004213,0.1679278760831503,0.0139515517601799,0.062725071293424,0.0990881232420461,0.1618131945354701,0.0135595252744417,0.3121653492712026,0.077466051984068,0.0507478547214112,0.0267181972626568,0.181065030369682,0.1311003189015206,0.0507478547214112,0.0267181972626568,0.0049630202177451,0.0026823169147736,0.0193199687804765,0.1109745827031876,0.0483871022246109,0.0625874804785767,0.0251144237930806,0.1841870656673547,0.1847775956971648,0.0089494796321462,0.0046100456422955,71.16059813593792,0.0610656774248624,-0.005307972576254,0.4388959879727731,0.1949684868980646,0.1998537312182037,0.0882904492877597,1.22494823974244,1.218538483991896,0.8050315131019353,0.8001462687817963,0.343705607741015,0.5016326935207229,0.4956239383853721,0.154661698738262,0.3437556381131841,0.5045009351778347,0.1517434267089813,0.3844428857448504,1.188111755541764,1.0,0.9985818407264708,0.0061790316730207,0.0615389674205147,0.0611023874556688,0.0534917865472983,0.056797072285211,0.249123150742937,0.1911136295324138,0.0513159579432874,0.6995608913137754,0.0502476928244273,0.7586386776431588,0.3599888613535368,0.338920429794721,0.1969373353327088,0.2106973030746614,0.0069322324100586,0.0128328743938211,0.0028444864487779,0.0133758521482681,0.0049346917227668,0.9117095507122402,0.1865562386011683,0.1805542372412369,0.0765491779914966,0.2247219600687164,0.0984618731338495,0.0085193183114821,0.0026284327709061,0.0024516353625691,0.0052873788886633,0.015016660709802,0.0105826192293988,0.0030791874020205,0.0030453990076213,0.0061642063205069,0.0436497025702991,0.0526530732624669,0.0378880726693496,0.640308485576655,0.684971176049042,0.8089840815527887,0.8181205721566698,0.6764253160936453,0.0650953590633175,0.2357522772448748,0.0436675152366381,0.114653659343668,1.47909325672439,0.9750879297976938,3.4796456328111263,0.999634070570164,1.082460561356256,0.9654621524565378,1.0636661771133495,0.9347962483180616,0.8745490499515344,0.09438859291351133,0.022237514474832642,0.0072294755069321455,0.09054716263371808,0.014978576623344122,0.01150501007097333,0.009345339504308076,0.03994593263042517,0.01789303124748286,0.10510701343805184,0.37119163257932664,1.660524069633707,1.1375609137727252,0.8972105276113451,0.879889485910754,0.25081080811739864,1.307624225797446,0.2747318980187854,0.394416405687547,3.492925361874947,1,1.0,0,0.3336049923707953,0.3371198632307732,0.013971345032227508,0.007994216976199295,0.0219272853355557,0.005439706582120953,0.00019066457400199665,0.17316546951213202,0.20051850690268547,0.049229574800829706,0.7775515815349368,0.34050668609968726,0.506605877644259,0.1529516833443494,0.3371198632307732,0.21147474749991513,6.1179618776607825e-06,5.825907304801703e-06,5.242512597591897e-06,5.0915332169276795e-06
3.0,G7Q2,0.3111214859902242,0.0208234145216934,0.2543616982361016,0.0775229306566589,0.0056356291948017,0.061414239769657,0.4346346649222004,0.0184122416537637,0.8117561435507252,0.0370582718448043,0.0272910778600801,0.3522925709488465,0.3267015693652574,0.0245101990300655,0.0436151978896311,0.0162376637462614,0.0273775341433697,0.0081700902089441,0.0033688174476909,0.0429314455283265,0.0587604532006267,0.3582376222545821,0.3513183843613091,0.0587604532006267,0.1271663226657062,0.0662962689442755,0.0431517490699784,0.0070551298902243,0.0037917399174285,0.0007778691056473,0.3826389025883608,0.312457081046202,0.3609060473475672,0.3591922876442059,0.1934625916099817,0.0502068789602027,0.0045696090230758,0.0375935478194276,0.0079503767320739,0.0011246484501035,0.0076882935468998,0.0352431519814267,0.0677958560971489,0.1865658421389527,0.0377606663100796,0.0397622643465793,0.303847517540479,0.0299321585316123,0.2307432784286099,0.0290794499472705,0.064408336425601,0.1510974947199431,0.2155058311455441,0.0239981758447877,0.3460849531974043,0.1175992240840256,0.0701349347711449,0.0474642893128807,0.2129930506716037,0.1330919025258006,0.0701349347711449,0.0474642893128807,0.0095103678488046,0.0042523709656894,0.0164882411179838,0.1507315664000196,0.067169344846767,0.0835622215532526,0.026158434105277,0.1547788277835532,0.1563426582066711,0.0153002949135469,0.0086978809312408,77.12265124240379,0.0645662514852049,-0.0038586619578648,0.4855388536543788,0.1679243250481828,0.1790032619137457,0.0875448280360274,1.1337728586794178,1.1746319254393285,0.8320756749518171,0.8209967380862543,0.3936821328451877,0.4908008067451532,0.4968456632535918,0.115517060409659,0.3856956769730129,0.4856320743907378,0.1286722486362492,0.394267067169353,1.0924368545968357,1.0,0.991829909791056,0.004111995924622,0.1666768680516075,0.1655015745304936,0.1430432953573195,0.1484072100802371,0.1478774156992168,0.125758240256114,0.1486879949470354,0.7034345893537477,0.1468381449494836,0.7274036147944024,0.3722937079719561,0.3790670350934647,0.2820407436422168,0.2794167754040492,0.019957754531405,0.0306911959593328,0.0084953227045742,0.0346236743138275,0.0093336254502173,0.9124551719639724,0.1635181366877985,0.1576693469184313,0.0696039896185524,0.2038327156592318,0.0778109912590539,0.0054764849063793,0.0021980278318588,0.0020574845976806,0.0046818673313783,0.0083082493991465,0.0066302140839299,0.0025086086347378,0.0024909341649276,0.0050531604418453,0.0360499679040375,0.042463866028969,0.0249911667245873,0.6350251130979069,0.7918125579648185,0.7563305294298156,0.7401772716241196,0.6390939526524329,0.0689623599787374,0.2420797014660915,0.0480513883801432,0.1234987248187221,1.1049685671796317,0.9824227507254272,1.142414001744983,1.0266702660825249,1.09255109789829,0.9546962865539942,1.0679438590026415,0.8019891913941103,0.9279206508809298,0.060752578226994015,0.013138655941766095,0.017522328841975764,0.07724098761619333,0.01366935026858944,0.005391555782887074,0.012898849215103958,0.007225858072915133,0.016673607387744142,0.31937447872790814,0.2631808067673642,1.6157438036730114,1.1974369997626513,1.1772339795980515,0.9558937930192195,0.21964409591071105,1.222776417093565,0.3443190894943725,0.3260043789264425,4.920536512940911,1,1.0,0,0.22450457960933368,0.3785210641442598,0.03567624377242923,0.023079890729350485,0.05876047155084232,0.010587657163556367,0.0005627330059016799,0.11951051022060055,0.18008867995275923,0.1453187910966412,0.7351635395442615,0.3814724487250073,0.4882436072206152,0.1303194798016395,0.3785210641442598,0.28181520863847365,5.2810304006500886e-06,3.986745862105678e-06,4.440919670667398e-06,4.442541812865741e-06
3.0,G9Q2,0.2575145797625843,0.0202924239899126,0.2156474619502691,0.0759716379222864,0.0055978153679544,0.0535025358393956,0.427899162554097,0.0173854883191116,0.8194667561610637,0.0373290176938803,0.0291531045150719,0.3834669306933795,0.293424416331161,0.0228187620147792,0.0802313660138193,0.0326361304303335,0.0475952355834858,0.0159244802163536,0.0054366549400979,0.0762486054057398,0.0977521144461495,0.3695159234545082,0.3710428473385095,0.0977521144461495,0.1295088251717961,0.0757996356536763,0.0505063013818297,0.0097111496339044,0.0043952838255177,0.0010845300748048,0.4269904482942887,0.3969748730679044,0.4257555298161933,0.3887360185821956,0.2053084608254723,0.0602174510157341,0.0054798139003225,0.0369469620432199,0.009031326297517,0.0011294907816374,0.0149654911930593,0.0612831142126805,0.058190427702307,0.1574570342479621,0.0357632047356059,0.0402084331866805,0.3378636078489239,0.0318897856161027,0.266163240465254,0.0317827522791065,0.0557634215388551,0.1808797543260725,0.2366431758649276,0.0312948476644245,0.360671092682934,0.127605382147138,0.0730488774388717,0.0545565047082663,0.2290301465627585,0.1316409461201756,0.0730488774388717,0.0545565047082663,0.0116431300372365,0.0058631260455595,0.0136830346526842,0.1801372363337499,0.0675573056896467,0.1125799306441032,0.014149992893608,0.1232753384852177,0.1342392412773666,0.019612248550756,0.0116825991136685,76.44038511946553,0.0655289870034807,-0.0036913421570413,0.5012128132873958,0.1814633121643295,0.1808999779461831,0.0858710722052462,1.1911284165357827,1.1804220867239748,0.8185366878356705,0.8191000220538169,0.3717535131020865,0.4804930483342398,0.4657365608086111,0.1477534385636736,0.3809688639420744,0.4774804086047387,0.1415507274531868,0.3998727420677923,0.9392073950053564,0.9901362385304664,0.9840755197836464,0.0402883467398735,0.2562754466028837,0.2413763006714852,0.2359663476690221,0.2173985867309429,0.1544072124489407,0.1630896977407682,0.2177917662845498,0.6278010212665094,0.2059208308722654,0.6309894713869663,0.4067752059052833,0.4039799781673561,0.2639764128774594,0.2753228108548794,0.0352447442959526,0.0550107445828203,0.0149288736174732,0.0615314789071554,0.0160230464165989,0.9141289277947536,0.1483806851651518,0.1433675164641907,0.0628506899497927,0.1843051409267976,0.07850839680574,0.0066640814155056,0.0018640403848078,0.001740388593474,0.0038963675877449,0.009459730485413,0.0080877099382822,0.0021323491303149,0.0021121827970412,0.0042921441069324,0.03569435277688,0.0428142382004953,0.0260841164579839,0.6089615398032209,0.6742927636188787,0.7344740881587936,0.7020540072556394,0.5742444701838068,0.0627196322985595,0.2682599053424767,0.0432131881064762,0.1319329318521073,0.9975531992158744,1.0040527427116874,1.0061896023547494,1.0800864065018896,1.1705106844357005,0.9980747821892668,1.0648074248930963,0.9031114860776052,1.0022180464402404,0.028283987898331607,0.013245438538132145,0.0223117504849545,0.025066079266773362,0.0072615708964701995,0.0073876051050988855,0.011646648056281544,0.00561005698921577,0.009593513961542592,0.4392863500882813,0.3541799968397419,1.441002745704187,1.234491578163098,1.2751868699774902,0.8668454793275596,0.2211225701260415,1.0994662723961293,0.3040018288281685,0.32735500178064963,5.319471501268703,1,0.9901362385304664,0,0.16055095490880783,0.40376713719681645,0.0554908148050176,0.042263444615674314,0.09775233158579884,0.018340155870707173,0.0008860859000522337,0.15847935490518442,0.18108137140963942,0.19660049950330866,0.6449178130382619,0.3782035878403679,0.47903165133707337,0.14275817201951874,0.40376713719681645,0.27654026006770493,3.1068180459392636e-06,4.218657276622295e-06,2.9227183695468284e-06,2.8010423800406414e-06
4.0,G2.5Q2,0.4439823727490911,0.0323932226711404,0.3142778634832482,0.119120258277709,0.0080233871270177,0.0584288806450314,0.5515261389150528,0.0222657723089781,0.8625394291266593,0.0412337254298438,0.1180011565049787,0.1617123710416824,0.4601850574351706,0.0346535973863892,0.0018723309676487,0.0010013927126633,0.0008709382549854,0.0004692774484151,0.0028049697673332,0.0020639829692334,0.0065320027355016,0.3334824590703241,0.2269663993679839,0.0065320027355016,0.050102221371184,0.0128601064846427,0.0051475736595,0.0003744113199927,0.000510948796316,0.0003716258531464,0.1825246673246887,0.3275326272979059,0.258849491669228,0.1052695439371273,0.0629623278558267,0.0055219849794926,0.0008825746494624,0.0081094894378885,0.0,0.0003468634764087,0.0002968108332744,0.0017671721359591,0.0870628087532663,0.2272150547299819,0.0572641300012794,0.0618561282764296,0.0585095662392922,0.0476899717198307,0.0552174831919871,0.010525606627322,0.0279434827396222,0.0336342605115478,0.06157774325117,0.0028467006747671,0.1778693124758594,0.0194618454205378,0.0137200540688247,0.0057417913517131,0.0962836323082172,0.0815856801676422,0.0137200540688247,0.0057417913517131,0.00128059823501,0.0011782648240454,0.0218918851149474,0.1116760901001007,0.0204680719863733,0.0912080181137274,0.0611057945211972,0.223697964656188,0.2202844080929031,0.0018556197410552,0.0009910809337119,68.7398140191758,0.0595379135626901,-0.003991705343304,0.3677792081309378,0.2247212276914398,0.2466704035859794,0.0773008342458441,1.194088821081913,1.2496225001965229,0.7752787723085601,0.7533295964140205,0.2737937762918306,0.5929697944366783,0.5399893431133624,0.1332364292714911,0.2810145941069426,0.5899367821670831,0.1290486237259743,0.2858543476059205,1.104326478536032,0.9403205109247548,0.9995307225515848,0.0,0.0287796024155591,0.0227459984762546,0.0113637946654602,0.0106232250693117,0.1328061262857214,0.118775363770724,0.0274298635703533,0.8397640101439252,0.0214842210542289,0.8597404151750472,0.5348374459248854,0.3416266260714737,0.2384165427240626,0.2433729259173933,0.0022448468575289,0.0032396914279344,0.000898210002291,0.0034907460901295,0.0022855895671172,0.922699165754156,0.2119470105866249,0.2043254745276785,0.0848044151546938,0.2483141746985122,0.1359403901928067,0.007246040033404,0.0028390916956488,0.0026552859288514,0.005974639845211,0.0138208036851432,0.0095671447617109,0.0035276782037814,0.0035058466069669,0.0070905681307186,0.0579191402647206,0.0658425939162821,0.0375120413883212,0.651498801855451,0.6758168317242237,0.9315156871646806,0.9342569101806908,0.741150508330772,0.0250572480743089,0.1945378825973022,0.0171624363422376,0.084705708686522,3.0262035667029794,1.97532884267384,4.87044407276851,0.974060179875742,1.0928596918615456,1.0114384041707536,1.064447383807104,0.96401683307187,1.03824235469348,0.062078689967868236,0.018277273485831545,0.010361233663201639,0.06802381261869714,0.013141975738174362,0.007818039391607674,0.01663701234851474,0.13043747793980445,0.03793188759181851,0.06658636998444298,0.33127777776591183,2.270907994114881,1.6670533602756146,1.3272993508925108,0.9989753262195844,0.3279007959150194,2.1091521816115097,0.508457584593883,0.4638630672112559,4.426645770262644,1,0.9403205109247548,0,0.3237287896997477,0.3639019360094261,0.004055018889748586,0.0024558919580373087,0.006531098468853351,0.002440098220864922,4.857910626586672e-05,0.12445591194348234,0.24693158433091,0.024985493436357465,0.8505320693352596,0.2802275238603941,0.5900488582214443,0.13010469456143398,0.3639019360094261,0.24131828672219544,1.0009796786447644e-05,1.1558775236730767e-05,1.4095704911509799e-05,8.840563699541448e-06
4.0,G5Q2,0.3706320314081155,0.0286160175501708,0.2855502892654593,0.0853713087312081,0.005641510331864,0.0653248990742548,0.470429776118032,0.0191661803694239,0.85835772949345,0.0398298494911459,0.0572094520709074,0.3152087830311823,0.4038803101571108,0.0373621874940207,0.0133190606787173,0.0037471144351255,0.0095719462435919,0.0049365333731068,0.0025226982720162,0.017839220375021,0.0170784681382542,0.3083553735349085,0.2995421660861889,0.0170784681382542,0.1209911698824703,0.0401063945939828,0.0261570621903622,0.0027586227980054,0.0019501642909988,0.0005942830787867,0.3618504156934489,0.369265456623592,0.3210228469991534,0.300022276359739,0.1610975644764531,0.0289156849883676,0.0025444473697855,0.0222937463493001,0.0021070920298097,0.0005572152513217,0.0030296744756111,0.0148095458994099,0.0782114341911979,0.2073388550742614,0.0403155523874011,0.045055756343807,0.2327226546819454,0.0375653170659442,0.1722983247938145,0.0107523140494519,0.0611675903400007,0.1006095557730816,0.1617771461130823,0.0129860954538245,0.3159756800706167,0.0754224413582743,0.0496156998567644,0.0258067415015099,0.1807443882835231,0.1352312917870936,0.0496156998567644,0.0258067415015099,0.004869378686053,0.003011695173747,0.0195722972827819,0.2098869897790486,0.0496160732266223,0.1602709165524264,0.0022072112828615,0.18311742970449,0.1875146017036255,0.0084343447633349,0.0045517506904896,83.38720456842596,0.0575583146221381,-0.004965748070838,0.4450791444382893,0.1704124911942598,0.1998537312182037,0.0866978925723094,1.231996236595032,1.218538483991896,0.8295875088057402,0.8001462687817963,0.3290060076616026,0.5073182461103076,0.4812014259226488,0.1636757462280897,0.3437556381131841,0.5045009351778347,0.1517434267089813,0.3947433994500254,1.2296426972098546,1.0,0.9950634666268932,0.0358090724468808,0.0544075984840756,0.0611023874556688,0.069250954416377,0.056797072285211,0.2877996491984217,0.1911136295324138,0.0411727972369781,0.6710275535646002,0.0502476928244273,0.7586386776431588,0.2813347371495225,0.338920429794721,0.2074587603864693,0.2106973030746614,0.0052462139612413,0.0161904092489117,0.0021526665058845,0.015439410799649,0.0030761192653285,0.9133021074276906,0.1849779193827262,0.179054648901115,0.0759015500178312,0.2228436870560783,0.0976796963829871,0.008324002448032,0.002472215083053,0.0023053038920689,0.0050097049512621,0.0147643490163283,0.0103411378547719,0.0028958416193287,0.0028639426158101,0.0058041581397655,0.0431507161237928,0.0518737121388876,0.0366694292460047,0.6398885736128312,0.6839630024851266,0.8099867505351793,0.8169493611567337,0.6789771530008466,0.0651456253276319,0.2340264249279886,0.0434077953956283,0.1138389242392865,0.7105273266859277,1.0425310069949012,0.6231334891984234,0.9704661575733304,1.0747801562628658,1.0703243182469149,1.151322635515313,0.9355602149353776,0.8418090423813528,0.09438859291351133,0.022237514474832642,0.0072294755069321455,0.09054716263371808,0.014978576623344122,0.01150501007097333,0.009345339504308076,0.03994593263042517,0.01789303124748286,0.07863113994390195,0.3649176477752036,1.656947138476225,1.0991619136488393,0.9017535204752675,0.8874882015909042,0.253278548888838,1.290929139071956,0.2734406596288589,0.38900992897938447,4.441729545548154,1,1.0,0,0.30489309564040296,0.3423549006950371,0.01045970138292815,0.006620544457912225,0.0170785454876331,0.0034783449181423074,0.0002870427719892198,0.1730921153439677,0.20209277686445307,0.03744459736524624,0.7894531393253699,0.34589016358909486,0.5030654080226773,0.15108342219158746,0.3423549006950371,0.21121153423336853,8.276304704013526e-06,1.0681891167152457e-05,1.1728861288862191e-05,7.40241980590195e-06
4.0,G7Q2,0.3257041331985728,0.0242136059699499,0.2469271406508504,0.0718584268886643,0.0051673554704125,0.0603541348738508,0.4287754898619698,0.0176219196122833,0.8133442063585696,0.0371822979829674,0.0437738695807603,0.3582544444848662,0.3383507952451219,0.0244107286300689,0.0446709296513,0.0166833489360173,0.0279875807152828,0.0084339913761987,0.0055177304463446,0.0456930700344348,0.0618006961646985,0.3945196951886576,0.3259248092933358,0.0618006961646985,0.1302470209798082,0.0624830889022065,0.0432238278779458,0.007117903292294,0.0035911563202697,0.0008088075066735,0.4019849061683054,0.3342647051407987,0.3882503810678067,0.3491558398160529,0.1927301098820147,0.0503417311702397,0.0043999638269431,0.0364302401182344,0.0064624133654271,0.0009941074925259,0.0085824618179644,0.0371106082164704,0.0666582988348875,0.1802688418159629,0.0344967069138585,0.0373617199748058,0.2964846246824175,0.0256871335983961,0.2421872364783977,0.0302964462609825,0.060825003374166,0.1480883531228567,0.2089133564970227,0.0246014372920692,0.3520586167925765,0.1175687825945186,0.0698257452192952,0.0477430373752234,0.2148711536669652,0.1371874631256113,0.0698257452192952,0.0477430373752234,0.0094489200095632,0.0047602992232023,0.0149607257393381,0.1427112429545925,0.0630039310897794,0.0797073118648131,0.0,0.1598557568912346,0.1658483763073382,0.015892417789705,0.0087090195023642,82.97774215787432,0.0638698787920702,-0.0038557026435211,0.493248455651896,0.1674262386258806,0.1790032619137457,0.0868991403652027,1.2072594518146469,1.1746319254393285,0.8325737613741194,0.8209967380862543,0.3671030123173942,0.4867659726661071,0.4739330425557804,0.1461310150164987,0.3856956769730129,0.4856320743907378,0.1286722486362492,0.4089025505099357,1.053192914802374,1.0,0.9915660086238012,0.0080953848954118,0.1879907851660649,0.1655015745304936,0.1632658423511799,0.1484072100802371,0.1707118664193526,0.125758240256114,0.1674587601380484,0.661829373442599,0.1468381449494836,0.7274036147944024,0.3734721678336898,0.3790670350934647,0.2759394082628481,0.2794167754040492,0.0211747433331199,0.0329541026115828,0.0090133525551845,0.0370681856462037,0.0108465938471847,0.9131008596347971,0.1613704135231008,0.1557566253925547,0.068689778486459,0.201290146328751,0.0767573441006796,0.0053416056003584,0.0021037927687341,0.0019690711403075,0.0045030853959034,0.0081301589414266,0.0064672098417149,0.0024009439473914,0.002384001592476,0.0048390494369756,0.0354852530651837,0.0417090552472432,0.0242213637599846,0.634570062945266,0.6178644253939288,0.7569281589477456,0.7275163172606198,0.6117496189321934,0.0705126743592787,0.2552121384178966,0.0465992754920942,0.1284706329589625,1.0502059602896547,0.9988568613583698,1.2860570236999032,1.0304760200467096,1.1166108590981514,1.02865624692217,1.1163580069485286,1.0270377074075534,0.9364604463990452,0.060752578226994015,0.013138655941766095,0.017522328841975764,0.07724098761619333,0.01366935026858944,0.005391555782887074,0.012898849215103958,0.007225858072915133,0.016673607387744142,0.3514683365410165,0.2936926463827854,1.5566376696061592,1.2017141091403967,1.1697173364261126,0.9252528344324029,0.2189337567074408,1.1836933385699866,0.33504653185405264,0.31597258971333064,3.1677677346991655,1,1.0,0,0.2776951692144143,0.3796312246805788,0.03722942568598804,0.0245664225863289,0.061800588681056416,0.01218174011266528,0.002632152697072876,0.13339287379212617,0.1796108734381891,0.1596294540418159,0.7069811023793624,0.3814644673729899,0.4882418909434242,0.1303267772645136,0.3796312246805788,0.28128546005985844,5.07907828928289e-06,3.6874912079376543e-06,3.732459706862201e-06,2.2549650803282972e-06
4.0,G9Q2,0.2609982685556491,0.0240729562579955,0.2213229034778586,0.0725461532961639,0.0053054795290636,0.0531118790447499,0.4278245818331597,0.0177062027448954,0.810522060400328,0.0386647959154292,0.0346279998492898,0.3791082373263396,0.2920161565759434,0.0251792261962449,0.0775462277611457,0.0307060399891054,0.0468401877720403,0.016267309367921,0.0080514709364681,0.0694098462226568,0.0940146990412893,0.404546575336894,0.3978376467006473,0.0940146990412893,0.1325453284906997,0.0747009952327572,0.0505760086950902,0.0092930914172864,0.0045063512005868,0.0011158642986247,0.4177914372066598,0.4315419847926723,0.3835622194708692,0.346555248726039,0.2072463237234569,0.0598691001123766,0.0056222154992115,0.0398893517392023,0.0095337838150248,0.0011864401142978,0.0139368170245689,0.0554730291980879,0.0574599973448108,0.1638629061330478,0.0353841233392038,0.0371620299569601,0.2262931197441544,0.0285998435330511,0.2742432398428968,0.0305865389495295,0.0594172600895987,0.171461767840196,0.2308790279297947,0.0282656491130068,0.3579892194946011,0.1385472930127428,0.0782564437919242,0.0602908492208186,0.230680781207279,0.1273084382873221,0.0782564437919242,0.0602908492208186,0.0121972582421509,0.0057736710063019,0.0149452792578026,0.1692694708326328,0.0733178949639639,0.095951575868669,0.0241590702247883,0.1289224351770101,0.132075833378639,0.01849407661809,0.0097715724949168,80.63824947198869,0.0646850241487785,-0.0040450456754314,0.5013573363771949,0.1624489194493572,0.1808999779461831,0.0895854401635029,1.1735331177907833,1.1804220867239748,0.8375510805506428,0.8191000220538169,0.3878227402732687,0.4851215179923961,0.4579411923865796,0.1270557417343351,0.3809688639420744,0.4774804086047387,0.1415507274531868,0.4037134279186559,1.05253700032184,0.9901362385304664,0.983732690632079,0.0113288781043544,0.234947223081088,0.2413763006714852,0.2047542690242721,0.2173985867309429,0.2001538674861145,0.1630896977407682,0.2015539112347875,0.598292221279098,0.2059208308722654,0.6309894713869663,0.3959707760857784,0.4039799781673561,0.2807502621310095,0.2753228108548794,0.0341590696406497,0.0479473710959793,0.014469006478628,0.0550878424316622,0.0168579615869305,0.910414559836497,0.1487740694053878,0.1440287972359984,0.0630173185840162,0.1850319766083518,0.0782126771295464,0.0066796276775152,0.0018978221164702,0.0017730214211201,0.0039936303866263,0.0094647130398819,0.0081044897950429,0.0021715864870528,0.0021512327793703,0.0043754624760672,0.035624600123358,0.0427853006843701,0.0262674845774153,0.6095658667205938,0.620832734360938,0.7328845761641666,0.6951702212075738,0.6164377805291308,0.0705771418723855,0.2423831229759032,0.0491495152619839,0.1234866076790284,1.038185867915249,0.9930563235504908,1.0363091526478412,1.096716350435183,1.1291876909476748,1.0067961775355856,1.1513176415261148,0.9818520077683373,0.9699797542118288,0.028283987898331607,0.013245438538132145,0.0223117504849545,0.025066079266773362,0.0072615708964701995,0.0073876051050988855,0.011646648056281544,0.00561005698921577,0.009593513961542592,0.4241548701989756,0.3582753604810565,1.4328561957404986,1.2152726249170263,1.2614420332553045,0.8642903880790146,0.2225833970470991,1.093834243899765,0.302475333878431,0.32604920551548644,0.30972744582841105,1,0.9901362385304664,0,0.1289751624941507,0.4043968032456803,0.05434311576023969,0.03968156984006527,0.09401484568670102,0.019106374167184765,0.00805098503656736,0.16173259040825844,0.182059888561029,0.19146213795679884,0.6468057917613144,0.3782047171971437,0.4788063476969081,0.14294703410356965,0.4043968032456803,0.2765215343416076,9.31827606320823e-06,7.80013966328319e-06,8.378951310561433e-06,8.32599593503236e-06
